control_id,safeguard_category,standard,implementation_specification,cfr_reference,control_description,pharmacy_context,assessment_question,evidence_example,assessment_status,evidence_description,finding_notes,remediation_owner,target_date
ADM-1.1,Administrative,Security Management Process,Required,164.308(a)(1)(i),Conduct an accurate and thorough assessment of the potential risks and vulnerabilities to the confidentiality integrity and availability of ePHI.,Pharmacy Management System (PMS) insurance billing workstations fax servers and email systems handling refill requests must be in scope. Drive-thru audio systems that capture patient names are often overlooked.,Has the organization completed a documented Risk Analysis covering all systems that create receive maintain or transmit ePHI?,Risk Analysis report dated within 12 months; asset inventory; threat/vulnerability list; risk rating matrix,Non-Compliant,Risk Analysis was last performed in 2022. No updated inventory of new insurance clearinghouse or drive-thru audio system.,Outdated RA; new systems not in scope. OCR has cited lack of current RA in 70% of breach settlements.,IT Manager / Security Officer,2026-07-15
ADM-1.2,Administrative,Security Management Process,Required,164.308(a)(1)(ii)(A),Implement security measures sufficient to reduce identified risks and vulnerabilities to a reasonable and appropriate level.,High-risk items in pharmacy: shared workstation logins lack of workstation auto-lock unencrypted backup drives containing patient profiles.,Is there a Risk Management plan that documents how identified risks are mitigated transferred or accepted?,Risk Management action plan; POs for encryption software; policy memos on workstation timeout settings,Partial,Risk Management plan exists but is not tracked to completion. 12 open risks from 2022 have no owners or dates.,Risk register exists but is static. No quarterly review meetings. Risks are identified then forgotten.,IT Manager,2026-06-30
ADM-1.3,Administrative,Security Management Process,Required,164.308(a)(1)(ii)(B),Apply appropriate sanctions against workforce members who fail to comply with the security policies.,Technicians accessing patient profiles without a valid prescription (curiosity browsing) must trigger documented disciplinary steps.,Are workforce sanctions for security violations defined in policy and enforced consistently?,Sanction policy in Employee Handbook; documented case (redacted) of policy enforcement,Partial,Sanction policy exists in handbook but no documented enforcement cases in last 24 months despite known incidents.,Two technicians were verbally warned for curiosity browsing but no written documentation exists. Policy lacks teeth.,HR Manager / PIC,2026-06-15
ADM-1.4,Administrative,Security Management Process,Required,164.308(a)(1)(ii)(D),Implement procedures to regularly review records of information system activity.,Most retail pharmacies rely on PMS vendor logs (e.g. QS/1 PioneerRx). Verify someone is assigned to review them monthly not just after an incident.,Are audit logs from PMS firewall and Active Directory reviewed on a defined schedule?,Log review schedule; last 3 months of review sign-off sheets; SIEM/ticketing tickets,Non-Compliant,PMS logs are stored but no one is assigned to review them. Firewall logs are enabled but not reviewed.,No log review SOP. No SIEM. Post-breach forensic analysis would be the first time logs are examined.,IT Manager / Security Officer,2026-07-01
ADM-2.1,Administrative,Assigned Security Responsibility,Required,164.308(a)(2),Identify the security official responsible for developing and implementing security policies.,In a retail pharmacy this is often the Pharmacy Manager or PIC (Pharmacist in Charge). For multi-store chains a District-level Security Officer may be designated.,Is a Security Officer/Privacy Officer formally designated in writing with current contact information?,Job description or policy document naming the Security Officer; org chart,Compliant,Pharmacy Manager Maria Chen is designated as Security Officer and Privacy Officer in the Employee Handbook and on the org chart.,Designation is current. Contact info is posted in break room and shared drive. Annual review is scheduled.,N/A,N/A
ADM-3.1,Administrative,Workforce Security,Addressable,164.308(a)(3)(i),Implement procedures to ensure all workforce members have appropriate access to ePHI and prevent those without access.,Float technicians covering multiple stores should not retain perpetual access to all store PMS instances; access should mirror active schedule.,Are workforce access levels reviewed and documented during onboarding role changes and termination?,Access request forms; role-change tickets; termination checklist including IT access revocation,Partial,Access is provisioned during onboarding but quarterly access reviews are not performed. Float techs retain old store access.,Float technician Jamal still has active PMS credentials for Store 4421 despite not working there since January.,HR Manager / IT Manager,2026-06-20
ADM-3.2,Administrative,Workforce Security,Addressable,164.308(a)(3)(ii)(A),Implement procedures for authorizing and supervising workforce members who work with ePHI.,PRN/on-call technicians and immunizing pharmacists from staffing agencies need background checks and signed BAA/NDA before system credentials are issued.,Is there a documented authorization workflow before a new hire or contractor gets ePHI access?,Background check results (retention only); signed confidentiality agreements; manager approval emails,Compliant,All new hires require PIC approval background check and signed confidentiality agreement before IT creates accounts.,Process is followed consistently. Last exception was a temp tech in 2024 who was denied access pending background check.,N/A,N/A
ADM-3.3,Administrative,Workforce Security,Addressable,164.308(a)(3)(ii)(B),Establish procedures to determine that a workforce member's access to ePHI is appropriate.,Cashiers should not have read access to patient medication histories; inventory clerks should not have prescriber DEA override capabilities.,Are access rights tied to job roles (RBAC) with documented minimum necessary justifications?,Role-based access matrix; least-privilege review meeting minutes,Partial,RBAC is configured in PMS but not documented. Minimum necessary justifications are verbal not written.,The PIC knows who gets what but there is no written RBAC matrix. An OCR auditor would see ad-hoc access decisions.,IT Manager / PIC,2026-06-30
ADM-3.4,Administrative,Workforce Security,Addressable,164.308(a)(3)(ii)(C),Implement procedures for terminating access when employment ends.,Retail turnover is high. A technician fired for theft who still has PMS credentials at midnight is a breach waiting to happen.,Is IT access revoked within 24 hours of termination? Are physical keys/badge access revoked concurrently?,Termination ticket timestamps; last-login audit for termed employees; badge deactivation logs,Partial,IT access is revoked within 48 hours on average. Physical badge deactivation is manual and takes 3-5 days.,Last termination (May 10) had PMS access revoked in 36 hours but badge was active for 4 days.,HR Manager / IT Manager,2026-06-10
ADM-4.1,Administrative,Information Access Management,Required,164.308(a)(4)(i),Implement policies and procedures for authorizing access to ePHI based on workforce roles.,Per HIPAA minimum necessary a technician filling prescriptions needs the patient's med history; a delivery driver scanning 'ready for pickup' only needs name and status—not diagnosis.,Does a formal Access Authorization Policy exist require management approval and get reviewed annually?,Access Authorization Policy; annual review sign-off; exception request log,Non-Compliant,No formal Access Authorization Policy exists. Access is granted by verbal PIC approval and IT ticket without written justification.,All access changes are tracked in IT tickets but there is no policy requiring management sign-off or annual review.,PIC / IT Manager,2026-07-01
ADM-4.2,Administrative,Information Access Management,Addressable,164.308(a)(4)(ii)(A),Establish procedures for granting access to ePHI based on workforce roles.,New pharmacist intern credentials should require PIC approval and have an expiration date aligned with internship end date.,Are access provisioning workflows documented and do they include approval before system accounts are created?,Access request workflow diagram; sample approved access request; provisioning SOP,Partial,Provisioning workflow exists in IT ticketing system but is not documented as a formal SOP. Intern accounts do not auto-expire.,Intern accounts require manual calendar reminders. Two past interns had active credentials for 6 weeks post-internship.,IT Manager,2026-06-20
ADM-4.3,Administrative,Information Access Management,Addressable,164.308(a)(4)(ii)(B),Implement procedures to modify access when workforce roles change.,A technician promoted to inventory specialist loses dispensing-floor access but gains purchasing/vendor portal access. Dual access should not persist indefinitely.,When employees are promoted transferred or change departments is their ePHI access reviewed and adjusted?,Role-change access review form; quarterly access recertification list,Non-Compliant,No role-change access review process exists. When staff change roles their old access is often not removed.,Technician promoted to inventory clerk in March still has full dispensing access and can view patient profiles.,HR Manager / IT Manager,2026-06-15
ADM-4.4,Administrative,Information Access Management,Addressable,164.308(a)(4)(ii)(C),Implement procedures to document access requests establishment modification and termination.,PMS audit logs often capture the action but the *business justification* is stored in HR or IT ticketing. Both are needed for an OCR investigation.,Is there an audit trail of all access changes (who what when why) retained for at least 6 years?,6-year access change log; ticketing system export (redacted); PMS user audit report,Partial,Access changes are logged in IT tickets but business justifications are not consistently captured. Retention is 3 years not 6.,Ticketing system auto-purges tickets after 3 years. No archive policy exists for access-related tickets.,IT Manager / Compliance Officer,2026-07-15
ADM-5.1,Administrative,Security Awareness and Training,Addressable,164.308(a)(5)(i),Implement a security awareness and training program for all workforce members.,Retail pharmacies use high-turnover staff. Training must be part of Day-1 onboarding not just annual refreshers.,Is annual HIPAA Security training mandatory for all workforce members including contractors and volunteers?,Training curriculum; LMS completion reports; new-hire training checklists,Compliant,Annual HIPAA Security training is mandatory. Day-1 onboarding includes a 30-minute security module. Completion is tracked in LMS.,All 14 current staff completed 2025 training. Two new hires completed Day-1 module in April.,N/A,N/A
ADM-5.2,Administrative,Security Awareness and Training,Addressable,164.308(a)(5)(ii)(A),Periodic security updates and reminders.,Pharmacies see seasonal staff spikes (flu season back-to-school). Timely reminders about suspicious refill-request emails are high-value.,Are security reminders (e.g. phishing password hygiene tailgating) sent at least quarterly?,Quarterly reminder emails; bulletin board posters; phishing simulation results,Partial,Security reminders are sent quarterly via email but not tracked for read receipts. No phishing simulations have been run.,Last phishing awareness email was March 2026. No simulation has been conducted to measure click-through rates.,HR / Security Officer,2026-06-30
ADM-5.3,Administrative,Security Awareness and Training,Addressable,164.308(a)(5)(ii)(B),Protection from malicious software procedures.,Many pharmacy workstations still run Windows 10 and rely on free AV or nothing. PMS terminals connected to the internet for insurance adjudication are high-risk.,Is anti-malware deployed on all endpoints that touch ePHI? Are definitions updated automatically?,Endpoint protection console screenshot; patch/update policy; last malware scan results,Partial,Anti-malware is deployed on all workstations via managed AV but two older inventory laptops lack coverage.,Two Windows 7 inventory laptops (not on domain) are used for vendor portal access. No AV installed. High risk.,IT Manager,2026-05-20
ADM-5.4,Administrative,Security Awareness and Training,Addressable,164.308(a)(5)(ii)(C),Procedures for monitoring log-in attempts and reporting discrepancies.,A technician's credential used at 3 AM when the store closed at 9 PM is an anomaly. PMS and Windows AD should both alert.,Are failed login attempts and off-hours access alerts reviewed and investigated?,SIEM/alert configuration; incident response ticket from a login anomaly; monthly anomaly summary,Non-Compliant,No SIEM exists. PMS does not send alerts. Windows logs are local only and not reviewed.,Without centralized logging or alerting the pharmacy would not detect credential compromise until a breach is reported.,IT Manager / Security Officer,2026-08-01
ADM-5.5,Administrative,Security Awareness and Training,Addressable,164.308(a)(5)(ii)(D),Password management procedures for creating changing and safeguarding passwords.,Pharmacies often share generic logins ('Tech1' 'Tech2') or use sticky notes under keyboards. This is a common OCR finding.,Is there an enforced password policy (complexity rotation MFA) for all ePHI-accessing systems?,Password policy document; Group Policy / MDM settings; MFA enrollment dashboard,Partial,Password policy exists and is enforced on Windows domain but not on PMS. MFA is not implemented on any system.,PMS allows weak passwords and does not enforce rotation. No MFA for remote access or admin accounts.,IT Manager,2026-07-01
ADM-6.1,Administrative,Security Incident Procedures,Required,164.308(a)(6)(i),Implement policies and procedures to address security incidents.,A lost backup tape ransomware on the PMS server or a technician emailing PHI to a personal Gmail are all security incidents requiring documented response.,Is there a documented Security Incident Response Plan covering identification containment eradication recovery and lessons learned?,Incident Response Plan; incident log (last 12 months); contact tree/escalation matrix,Partial,Incident Response Plan exists but was last updated in 2023. Contact list has outdated phone numbers for two vendors.,Plan exists but is stale. Two vendors on the contact tree were acquired and numbers changed. No annual tabletop exercise.,Security Officer / IT Manager,2026-06-15
ADM-6.2,Administrative,Security Incident Procedures,Required,164.308(a)(6)(ii),Identify and respond to suspected or known security incidents; mitigate harmful effects.,Tabletop exercise: 'PMS vendor reports ransomware in their cloud tenant affecting your patient data.' Can the PIC reach the Security Officer at 2 AM?,Has the organization responded to at least one simulated or real incident in the last 12 months to validate the IR plan?,Tabletop exercise after-action report; incident response drill schedule; post-mortem documentation,Non-Compliant,No tabletop exercise or incident drill has been conducted in the last 12 months. No real incidents requiring IR plan activation.,Last drill was March 2024. Staff turnover since then means most current employees have never practiced the plan.,Security Officer / PIC,2026-06-30
ADM-7.1,Administrative,Contingency Plan,Required,164.308(a)(7)(i),Establish policies and procedures for responding to emergencies or other occurrences that damage systems containing ePHI.,If the PMS server goes down during a Saturday rush can the pharmacy still verify prescriptions and fill safely? Paper backups and downtime procedures must exist.,Does a Business Continuity / Disaster Recovery Plan exist and cover ePHI systems (PMS billing email)?,BCP/DRP document; downtime SOP; last annual DR test results,Partial,BCP exists and covers PMS but does not include the new insurance clearinghouse added in 2025. Downtime SOP exists.,New clearinghouse is not in the BCP. Downtime SOP is a single page and lacks detail for multi-day outages.,IT Manager / PIC,2026-06-30
ADM-7.2,Administrative,Contingency Plan,Addressable,164.308(a)(7)(ii)(A),Data backup plan.,Pharmacies generate massive Rx data daily. An untested backup is a false hope. Verify a restore of a single patient profile was completed in the last quarter.,Are ePHI backups performed regularly tested for restorability and stored securely off-site or in encrypted cloud storage?,Backup schedule; encryption at-rest certificate; quarterly restore test log,Partial,Daily backups are performed to a local NAS and an encrypted cloud provider. However no restore test has been done in 8 months.,Backup verification was skipped due to staff shortage. The last successful restore test was September 2025.,IT Manager,2026-05-30
ADM-7.3,Administrative,Contingency Plan,Addressable,164.308(a)(7)(ii)(B),Disaster recovery plan.,RTO of 4 hours means the pharmacy can be back on PMS by lunch if it fails at opening. RPO of 1 hour means losing at most 1 hour of Rx data.,Is there a documented Disaster Recovery Plan with RTO/RPO targets for ePHI systems?,DRP with RTO/RPO definitions; failover test results; alternative site agreement (if applicable),Partial,DRP exists but RTO/RPO targets are not formally defined or tested. Failover procedures rely on a single IT vendor contact.,DRP states 'restore from backup' but does not define how long that takes or who does it if the IT vendor is unreachable.,IT Manager / Security Officer,2026-07-01
ADM-7.4,Administrative,Contingency Plan,Addressable,164.308(a)(7)(ii)(C),Emergency mode operation plan.,If the insurance adjudication network is down the pharmacy can still fill prescriptions but must collect payment info securely for later billing. Paper logs must not leak PHI.,Are there procedures for operating in emergency mode (e.g. partial system failure network outage) while maintaining PHI protections?,Emergency mode SOP; paper-form security procedures; last emergency mode drill,Partial,Emergency mode SOP exists for PMS downtime but not for partial network failures (e.g. internet down but PMS up).,If internet is down the pharmacy cannot process insurance claims. Current SOP says 'call insurance later' but does not secure paper claim forms.,PIC / IT Manager,2026-06-15
ADM-7.5,Administrative,Contingency Plan,Addressable,164.308(a)(7)(ii)(D),Testing and revision procedures.,New PMS version new insurance clearinghouse or a store remodel (new network layout) all trigger plan updates.,Are contingency plans tested annually and revised based on test findings system changes and business changes?,Annual test schedule; test results; plan revision history,Non-Compliant,No annual BCP/DR test has been performed. Plans have not been updated since 2023 despite system changes.,PMS was upgraded in 2024. Insurance clearinghouse changed in 2025. Neither event triggered plan updates.,IT Manager / Security Officer,2026-06-30
ADM-7.6,Administrative,Contingency Plan,Addressable,164.308(a)(7)(ii)(E),Applications and data criticality analysis.,PMS is Tier 1. Inventory management is Tier 2. Marketing email list is Tier 3. This prioritization drives backup frequency and DR sequencing.,Has the organization identified which applications and data are critical to patient care and business operations and prioritized them in contingency planning?,Criticality matrix; application inventory with tiers; business impact analysis,Non-Compliant,No criticality analysis exists. All systems are treated equally in backup and DR planning.,The inventory laptop and the PMS server have the same backup frequency. The inventory system could be down for a day with minimal patient impact.,IT Manager / PIC,2026-06-30
ADM-8.1,Administrative,Evaluation,Required,164.308(a)(8),Perform periodic technical and nontechnical evaluations in response to environmental or operational changes affecting ePHI security.,An annual self-assessment using this exact toolkit meets the spirit of the requirement for a small pharmacy. Larger chains may layer a third-party audit.,Is there an annual evaluation program (internal audit gap assessment pen-test) assessing Security Rule compliance?,Annual evaluation report; pen-test findings; gap assessment (this artifact),Partial,This gap assessment IS the evaluation for 2026. No third-party audit or pen-test has been conducted.,Internal evaluation only. No external validation. No vulnerability scanning or pen-testing budgeted for 2026.,Security Officer / PIC,2026-12-31
ADM-9.1,Administrative,Business Associate Contracts,Required,164.308(b)(1),Have contracts or other arrangements with business associates that establish permitted uses and disclosures and require safeguards.,Critical pharmacy BAs: PMS vendor insurance clearinghouse delivery service (if they see patient names/addresses) IT support company shredding vendor cloud backup provider.,Are Business Associate Agreements (BAAs) in place with all vendors who create receive maintain or transmit ePHI?,BAA inventory; sample executed BAA; vendor onboarding checklist requiring BAA before data sharing,Partial,BAAs are in place for PMS vendor insurance clearinghouse and shredding vendor. Missing for IT support company and delivery service.,IT support vendor (TechFix) has had admin access to PMS for 2 years without a BAA. Delivery service sees patient names but no BAA.,Compliance Officer / PIC,2026-06-15
ADM-9.2,Administrative,Business Associate Contracts,Required,164.308(b)(3),Document satisfactory assurances from business associates that they will appropriately safeguard ePHI.,A cloud backup vendor must encrypt data in transit and at rest. If they won't sign a BAA with security provisions they cannot handle pharmacy backups.,Do BAAs include language requiring the BA to comply with Security Rule safeguards and report breaches within a defined timeframe?,BAA language excerpts; vendor security questionnaire; SOC 2 report on file,Partial,Existing BAAs include general HIPAA language but lack specific security safeguard requirements and breach reporting SLAs.,BAA with insurance clearinghouse requires breach notification 'as soon as practicable' but defines no SLA (e.g. 24 hours).,Compliance Officer / PIC,2026-06-30
ADM-9.3,Administrative,Business Associate Contracts,Required,164.308(b)(4),If a business associate violates terms reasonable steps to cure; if unsuccessful terminate contract.,If the delivery company reports a lost manifest with patient names the pharmacy must document the incident request a root cause and consider switching vendors if recurrent.,Is there a documented process for monitoring BA compliance and escalating/remediating violations including contract termination?,BA monitoring procedure; violation log; contract termination checklist,Non-Compliant,No BA monitoring process exists. Compliance is assumed based on BAA signature alone. No annual vendor reviews.,Vendor compliance is not monitored. No violation log exists. There is no escalation path if a BA reports a breach.,Compliance Officer / PIC,2026-07-01
PHY-1.1,Physical,Facility Access Controls,Addressable,164.310(a)(1),Implement policies and procedures to limit physical access to electronic information systems and facilities while ensuring authorized access is allowed.,Server closet / network rack pharmacy back-office with dispensing terminals and vaccine refrigerator areas (which may have inventory systems) need controlled access.,Are there facility access controls (badge key biometric) for areas housing ePHI systems with an access log?,Access control policy; badge access logs; visitor sign-in sheets,Partial,Back office and server closet have keyed locks but no badge or biometric access. Key is kept in the manager's desk drawer.,Server closet key is on the same ring as the front door key. 6 staff members have copies. No access log is maintained.,PIC / Facilities Manager,2026-06-15
PHY-1.2,Physical,Facility Access Controls,Addressable,164.310(a)(2)(i),Contingency operations — establish procedures allowing facility access in support of data restoration.,If the PMS server fails at 7 PM the on-call IT vendor needs after-hours access. An on-call pharmacist or manager must be able to grant it without compromising security.,Can authorized IT staff or a backup vendor access the facility after hours to perform emergency data restoration?,After-hours access SOP; on-call contact list; lockbox / smart-lock procedure,Non-Compliant,No after-hours access procedure exists for IT vendors. The PIC would need to drive to the store to unlock the door.,If PMS fails at 7 PM the PIC must physically come to the store. No lockbox smart lock or on-call security guard exists.,Facilities Manager / PIC,2026-07-01
PHY-1.3,Physical,Facility Access Controls,Addressable,164.310(a)(2)(ii),Facility security plan — safeguard the facility and equipment from unauthorized physical access tampering and theft.,Drive-thru windows are high-risk: audio systems capture patient names and birth dates. Cameras should cover drive-thru terminals but not capture screen contents.,Is there a facility security plan covering alarms cameras locks and environmental controls for ePHI areas?,Facility security plan; camera coverage map; alarm monitoring contract; last physical security walkthrough,Partial,Facility has alarm and cameras but no formal security plan. Cameras cover registers but not the back-office or server closet.,Alarm is monitored. Cameras cover front of house only. Server closet has no camera coverage. No annual physical security walkthrough.,Facilities Manager / PIC,2026-06-30
PHY-1.4,Physical,Facility Access Controls,Addressable,164.310(a)(2)(iii),Access control and validation procedures — control and validate a person's access to facilities based on role.,IT contractors servicing the router should receive a temp badge be escorted in the back office and sign an NDA before touching any system.,Are visitor and contractor access badges distinct from employee badges time-limited and escorted where required?,Badge types documented; visitor log; escort policy; contractor NDA on file,Partial,Visitors sign a paper log but no badges are issued. Contractors are not consistently escorted in the back office.,Last IT contractor (April 2026) was left alone in the back office for 20 minutes while staff handled a rush.,Facilities Manager / HR,2026-06-10
PHY-1.5,Physical,Facility Access Controls,Addressable,164.310(a)(2)(iv),Maintenance records — document repairs and modifications to the physical components of a facility.,When the locksmith rekeys the pharmacy after a lost key incident the work order must be retained. When the camera system is upgraded the change is documented.,Are maintenance and modification activities for physical security components logged and retained?,Maintenance log; work orders; vendor invoices (redacted),Partial,Maintenance work orders are kept for 1 year for tax purposes but not retained for 6 years as required by HIPAA.,Work orders are shredded after tax season. No separate maintenance log for security components exists.,Facilities Manager,2026-06-15
PHY-2.1,Physical,Workstation Use,Required,164.310(b),Implement policies and procedures that specify proper use of workstations and access to ePHI.,Patient counseling terminals and drive-thru terminals must be positioned so patients in line or at the register cannot see the screen. Privacy filters are a cheap high-impact control.,Is there a Workstation Use Policy defining acceptable use screen privacy and physical arrangement to prevent unauthorized viewing?,Workstation Use Policy; workstation layout diagram; privacy filter installation record,Partial,Workstation Use Policy exists but does not address screen privacy or drive-thru terminal positioning. No privacy filters installed.,Drive-thru terminal is visible from the exterior window. Patients in line can read patient names on screen.,PIC / IT Manager,2026-05-20
PHY-3.1,Physical,Workstation Security,Required,164.310(c),Implement physical safeguards for all workstations that access ePHI to restrict access to authorized users.,A dispensing terminal left unlocked while the pharmacist steps away for lunch break is a common physical vulnerability. Auto-lock after 5 minutes is the minimum.,Are workstations with ePHI access physically secured (cable locks locked office auto-lock) when unattended?,Physical security checklist; auto-lock Group Policy settings; cable lock inventory,Partial,Auto-lock is enabled on most workstations (15 min timeout) but not on the drive-thru terminal or counseling room tablet.,Drive-thru terminal has no auto-lock. Counseling tablet is sometimes left on the counter with patient profile visible.,IT Manager / PIC,2026-05-15
PHY-4.1,Physical,Device and Media Controls,Required,164.310(d)(1),Implement policies and procedures for the use and removal of hardware and electronic media.,USB drives used for backup old PMS terminals sent for recycling and fax machines (which store received images) must all be tracked until secure disposal.,Is there an asset inventory of all devices and media that store or process ePHI with ownership location and disposition tracking?,Asset inventory (redacted); media tracking log; device checkout procedure,Non-Compliant,No comprehensive asset inventory exists. Devices are tracked for accounting (depreciation) but not for security disposition.,Last PMS terminal was sent for recycling in 2024 with no documented data sanitization. Fax machines are not inventoried.,IT Manager / Facilities Manager,2026-06-30
PHY-4.2,Physical,Device and Media Controls,Addressable,164.310(d)(2)(i),Disposal procedures — ensure ePHI is removed from electronic media before disposal or reuse.,When a pharmacy replaces an old PMS terminal the hard drive must be wiped or physically destroyed before the machine leaves the building.,Is there a documented media sanitization procedure (NIST SP 800-88 Clear/Purge/Destroy) before disposal or donation?,Sanitization policy; certificate of destruction from vendor; chain-of-custody log,Partial,Sanitization policy exists but is not consistently followed. No certificates of destruction are obtained from recyclers.,Policy says 'wipe drives' but the last two replacements were given to a local recycler with no verification.,IT Manager / Facilities Manager,2026-06-15
PHY-4.3,Physical,Device and Media Controls,Addressable,164.310(d)(2)(ii),Media re-use — ensure ePHI is removed before media is made available for re-use.,A backup drive from Store A should be fully wiped before being used as the new backup drive for Store B.,Before reusing hard drives USB drives or backup tapes is a verified wipe performed?,Wipe verification logs; drive re-use checklist; tool used (e.g. DBAN Blancco),Non-Compliant,No media re-use procedure exists. Backup drives are reused without verification. USB drives are shared among stores.,Backup drives are rotated between stores with no wiping. A drive from Store 4421 was plugged into Store 4422 with old data intact.,IT Manager,2026-06-15
PHY-4.4,Physical,Device and Media Controls,Addressable,164.310(d)(2)(iii),Accountability — maintain a record of movements of hardware and electronic media.,Backup tapes or encrypted drives sent to off-site storage must be logged: date courier recipient expected return/destruction date.,Is there a chain-of-custody log for all ePHI-bearing media that leaves the facility?,Chain-of-custody log; courier receipts; off-site storage inventory,Partial,Chain-of-custody log exists for backup tapes sent to Iron Mountain but not for USB drives laptops or tablets that leave the facility.,Laptops taken home by managers and tablets used for off-site vaccination clinics have no chain-of-custody tracking.,IT Manager / Facilities Manager,2026-06-30
PHY-4.5,Physical,Device and Media Controls,Addressable,164.310(d)(2)(iv),Data backup and storage — create a retrievable exact copy of ePHI before equipment movement.,Before a store remodel moves the PMS server rack a full backup must be verified. After the move a spot-check restore validates data integrity.,Before moving or replacing servers/workstations with ePHI is a verified backup performed and tested?,Pre-move backup log; restore verification after move; change control ticket,Partial,Backups are performed before major moves but restore verification is not consistently done. Last move (2023) had no post-move verification.,Server was moved during 2023 remodel. Backup was taken but not tested after reconnection. No integrity issues found yet.,IT Manager,2026-06-30
TEC-1.1,Technical,Access Control,Required,164.312(a)(1),Implement technical policies and procedures to allow access only to persons or software programs granted access rights.,The PMS must support unique user IDs not shared 'pharmacy' or 'tech' accounts. Role-based menus (cashier vs. technician vs. pharmacist) must be enforced in software.,Are technical access controls (RBAC ACLs user authentication) enforced by the PMS and all ePHI-touching systems?,PMS user list showing unique IDs; role configuration screenshot; ACL review report,Partial,PMS enforces unique IDs but RBAC is not fully configured. The 'Inventory' role can still view patient names in reporting screens.,PMS roles are basic. Custom reports bypass role restrictions allowing inventory clerks to export patient lists.,IT Manager / PMS Vendor,2026-07-01
TEC-1.2,Technical,Access Control,Required,164.312(a)(2)(i),Unique user identification — assign a unique name and/or number for identifying and tracking user identity.,Shared accounts break audit trails. If 5 technicians use 'Tech1' a breach investigation cannot determine which individual accessed a patient's profile.,Does every workforce member have a unique user ID for every ePHI system? Are shared accounts (e.g. 'frontdesk' 'admin') prohibited?,User ID policy; Active Directory / PMS user list; shared account remediation plan,Partial,Unique IDs are used on Windows domain and PMS but the fax machine uses a shared 'PharmacyFax' account. The Wi-Fi uses a shared WPA2 key.,Fax machine and network-attached printer use shared credentials. The wireless network password is known by former employees.,IT Manager,2026-06-15
TEC-1.3,Technical,Access Control,Required,164.312(a)(2)(ii),Emergency access procedure — establish procedures for obtaining necessary ePHI during an emergency.,If the PMS authentication server fails during a power outage a pharmacist must still be able to access patient allergy information. Break-glass accounts should be sealed logged and single-use.,Are there documented break-glass / emergency access procedures for when normal authentication is unavailable?,Break-glass policy; sealed envelope procedure; usage log; post-emergency review,Non-Compliant,No break-glass procedure exists. If PMS authentication fails there is no documented way to access patient data.,PMS vendor can reset admin password remotely but this takes 2-4 hours. No local break-glass account or sealed envelope exists.,PIC / IT Manager,2026-06-30
TEC-1.4,Technical,Access Control,Addressable,164.312(a)(2)(iii),Automatic logoff — implement electronic procedures that terminate an electronic session after a predetermined time of inactivity.,A drive-thru terminal or counseling room tablet left unlocked while the pharmacist steps away is a breach risk. Auto-logoff should be system-enforced not user-configurable.,Do all ePHI systems enforce automatic logoff after a defined period of inactivity (e.g. 5–15 minutes)?,PMS inactivity timeout settings; Windows screensaver/lock GPO; MDM policy for tablets,Partial,Windows domain workstations have 15-minute screensaver lock. PMS has no auto-logoff. Tablets have no MDM and no auto-lock.,PMS relies on users logging out manually. Counseling tablet has no screen lock. Drive-thru terminal never locks.,IT Manager / PMS Vendor,2026-06-15
TEC-1.5,Technical,Access Control,Addressable,164.312(a)(2)(iv),Encryption and decryption — implement a mechanism to encrypt and decrypt ePHI.,Pharmacy laptops taken home by the manager for after-hours inventory must have full-disk encryption. Insurance claims transmitted to the clearinghouse must use TLS 1.2 or higher.,Is ePHI encrypted at rest (databases backups laptops) and in transit (TLS 1.2+ VPN secure email)?,Encryption policy; BitLocker/FileVault/McAfee FDE reports; TLS scan results (SSL Labs); VPN configuration,Partial,PMS database is not encrypted at rest. Backups are encrypted. Laptops lack FDE. Insurance clearinghouse uses TLS 1.2.,PMS vendor claims database encryption is 'in development' for 2026 release. Manager laptop has no BitLocker.,IT Manager / PMS Vendor,2026-08-01
TEC-2.1,Technical,Audit Controls,Required,164.312(b),Implement hardware software and/or procedural mechanisms to record and examine activity in information systems containing ePHI.,PMS audit trails should capture: Rx viewed Rx modified insurance claim submitted prescriber DEA lookup and inventory adjustment. Logs must be tamper-resistant.,Do ePHI systems generate audit logs for user access data modifications and failed authentication attempts?,Audit log sample (synthetic); SIEM configuration; log integrity check (checksum/hash chain),Partial,PMS generates audit logs but they are not centralized. No log integrity checks (hashing) are performed. Logs can be deleted by admin.,PMS admin role can delete audit logs. No immutable log storage or WORM backup exists. No SIEM integration.,IT Manager / PMS Vendor,2026-07-15
TEC-3.1,Technical,Integrity,Required,164.312(c)(1),Implement mechanisms to authenticate ePHI and ensure it has not been altered or destroyed in an unauthorized manner.,If a technician alters a patient's insurance ID to bill a different carrier the PMS should flag the change or require a supervisor override with a documented reason.,Are integrity controls (hashing digital signatures checksums version control) used for ePHI and audit logs?,Integrity policy; PMS change-control settings; database hashing configuration; backup integrity verification,Partial,PMS has field-level change logging but no cryptographic integrity checks. Audit logs are not hashed.,Change logs show who changed what but an attacker with DB access could alter history. No blockchain or Merkle tree used.,IT Manager / PMS Vendor,2026-08-01
TEC-3.2,Technical,Integrity,Addressable,164.312(c)(2),Mechanism to authenticate ePHI — electronic signatures or comparable mechanisms.,A pharmacist overriding a DUR (Drug Utilization Review) warning should require their own credentials not allow the technician to type the pharmacist's password.,For high-risk transactions (Rx overrides inventory adjustments prescriber additions) is there a secondary authentication or approval mechanism?,Override approval workflow; dual-control policy; e-signature configuration in PMS,Compliant,PMS requires dual authentication for high-risk actions: Rx override requires pharmacist PIN. Inventory adjustment requires supervisor approval.,Controls are enforced in PMS. Two-person integrity for controlled substance inventory counts. Pharmacist PIN for DUR overrides.,N/A,N/A
TEC-4.1,Technical,Person or Entity Authentication,Required,164.312(d),Implement procedures to verify that a person or entity seeking access to ePHI is the one claimed.,Drive-thru terminals and counseling room tablets should not default to a logged-in state. Each user must authenticate individually.,Does every system with ePHI require authentication (password smart card biometrics) before granting access?,Authentication policy; MFA enrollment rate; smart card / badge reader inventory; PMS login screen photo,Partial,Windows and PMS require passwords. Tablets and fax machine do not. No MFA on any system. No biometrics.,Counseling tablet stays logged in as 'pharmacist' all day. Fax machine has no authentication. No MFA anywhere.,IT Manager,2026-07-01
TEC-5.1,Technical,Transmission Security,Required,164.312(e)(1),Implement technical security measures to guard against unauthorized access to ePHI transmitted over an electronic communications network.,The pharmacy's guest Wi-Fi must be segmented from the PMS network. Insurance claims and e-prescribing traffic must traverse encrypted tunnels.,Are network perimeter controls (firewall IDS/IPS VPN network segmentation) in place and regularly reviewed?,Network diagram (synthetic); firewall rule review; network segmentation test results; wireless security scan,Partial,Firewall exists but rules have not been reviewed in 18 months. Guest Wi-Fi is on the same VLAN as pharmacy workstations.,Guest Wi-Fi and pharmacy devices share 192.168.1.0/24. A compromised guest device could scan the PMS server.,IT Manager / Network Vendor,2026-06-15
TEC-5.2,Technical,Transmission Security,Addressable,164.312(e)(2)(i),Integrity controls — ensure ePHI is not improperly modified during transmission.,An e-prescription sent from the prescriber to the pharmacy should be digitally signed or transmitted over a trusted network (Surescripts) to prevent tampering.,Are integrity checks (TLS message authentication codes checksums) applied to all ePHI transmissions?,Surescripts / e-prescribing network agreement; TLS certificate inventory; message integrity check documentation,Compliant,e-Prescribing uses Surescripts network with end-to-end integrity controls. Insurance claims use TLS 1.2 with certificate pinning.,Surescripts agreement on file. TLS 1.2 enforced by insurance clearinghouse. No plaintext PHI transmission detected.,N/A,N/A
TEC-5.3,Technical,Transmission Security,Addressable,164.312(e)(2)(ii),Encryption — encrypt ePHI whenever deemed appropriate by the entity.,Emailing a patient's insurance card to the billing department must use encrypted email or a secure portal. Faxing PHI is still common but should be migrating to secure alternatives.,Is encryption applied to all ePHI transmissions outside the organization's trusted internal network?,Email encryption policy; secure portal URL; fax migration plan; TLS / IPsec tunnel documentation,Partial,Email is not encrypted. Fax is still used for 40% of prescriber communications. No secure portal exists.,Staff use personal Gmail for sending insurance forms to patients. Fax is unencrypted analog line. No secure portal.,IT Manager / PIC,2026-07-01
DOC-1.1,Administrative,Documentation Requirements,Required,164.316(a),Maintain written security policies and procedures including changes until 6 years after their last effective date.,An OCR audit may request policies from 4 years ago. Paper and electronic policy repositories must have 6-year retention and version control.,Are all security policies procedures and documentation retained for at least 6 years?,Policy retention schedule; document management system screenshot; version history sample,Partial,Policies are retained but version control is ad-hoc (file names with dates). No formal document management system.,Policies are on a shared drive with dated filenames. No check-in/check-out. No immutable archive. Risk of accidental deletion.,Compliance Officer,2026-06-30
DOC-1.2,Administrative,Documentation Requirements,Required,164.316(b)(1)(i),Documentation must be available to those responsible for implementing the procedures.,A new technician on Day 1 should be able to find the Password Policy Sanction Policy and Incident Response Plan without asking a supervisor.,Can workforce members easily access current security policies and procedures (intranet shared drive binder)?,Policy portal URL; shared drive path; printed policy binder location; new-hore orientation checklist referencing policies,Compliant,All policies are on a shared drive with a shortcut on every workstation desktop. Printed binder is in the break room.,New-hire orientation includes a 10-minute walkthrough of the shared drive. Policies are updated quarterly and emailed.,N/A,N/A
DOC-1.3,Administrative,Documentation Requirements,Required,164.316(b)(1)(ii),Review documentation periodically and update as needed in response to environmental or operational changes.,A new PMS module for vaccine scheduling a store acquisition or an OCR guidance update all trigger policy review.,Are security policies reviewed at least annually and updated after significant incidents system changes or regulatory updates?,Annual review schedule; last review sign-off; change-triggered review log,Partial,Policies are reviewed annually but there is no change-triggered review process. New systems are added without policy updates.,Vaccine scheduling module was added in 2024. No policy updates were made to address new ePHI flows.,Compliance Officer / PIC,2026-06-30
DOC-1.4,Administrative,Documentation Requirements,Required,164.316(b)(2)(i),Time limit — retain documentation for 6 years from creation or last effective date.,Old printed Employee Handbooks and old policy PDFs on a shared drive must both be retained or purged according to a documented retention schedule.,Is the 6-year retention requirement enforced for both electronic and paper documentation?,Retention schedule; backup/archive policy; auto-purge rules for shared drives,Partial,Electronic retention is 6 years via backup. Paper retention is 3 years (tax record standard). No separate HIPAA retention for paper.,Paper employee handbooks are shredded after 3 years. This could violate 164.316(b)(2)(i) if audited.,Compliance Officer,2026-06-15
